data,chuvas_previstas_mm,chuvas_reais_mm,temperatura_media_C,variacao_climatica,indice_umidade_solo
2025-01-01,109.8,110.0,34.7,sim,45.9
2025-01-02,143.0,178.7,27.2,não,34.4
2025-01-03,120.6,123.1,27.5,sim,77.1
2025-01-04,109.0,117.0,29.6,não,29.0
2025-03-28,104.6,91.7,31.4,não,45.4
2025-01-06,129.2,102.2,22.1,não,85.4
2025-01-07,87.5,62.1,32.3,não,60.7
2025-01-08,178.4,197.8,22.8,não,79.4
2025-01-09,192.7,169.2,27.7,sim,85.2
2025-01-10,76.7,115.6,23.4,sim,70.1
2025-01-11,158.3,150.0,21.5,não,66.0
2025-01-12,105.8,90.9,32.9,sim,87.4
2025-01-13,113.6,152.1,34.6,não,89.6
2025-01-14,185.1,106.1,34.4,sim,46.1
2025-01-15,14.2,106.1,33.6,sim,15.7
2025-01-16,17.4,35.5,31.6,sim,33.4
2025-01-17,4.0,106.1,25.0,sim,22.2
2025-01-18,166.5,106.1,21.2,não,43.4
2025-01-19,155.6,150.2,26.1,sim,20.5
2025-01-20,174.0,190.0,23.5,sim,58.3
2025-01-21,195.7,106.1,26.9,não,40.6
2025-01-22,159.8,156.7,20.8,não,81.6
2025-01-23,92.3,104.6,30.9,sim,87.4
2025-01-24,156.1,174.5,20.2,não,53.8
2025-01-25,23.7,31.2,31.6,sim,32.0
2025-01-26,128.0,106.0,22.2,não,57.4
2025-01-27,28.7,34.7,21.2,não,81.7
2025-01-28,188.9,106.1,21.3,sim,42.5
2025-01-29,104.4,90.5,30.1,não,54.2
2025-01-30,82.9,79.9,23.7,sim,31.7
2025-01-31,52.9,44.2,26.3,sim,46.4
2025-02-01,154.8,106.1,26.9,sim,52.4
2025-02-02,91.2,104.6,32.9,sim,29.9
2025-02-03,113.7,121.8,26.9,não,52.4
2025-02-04,3.8,106.1,24.1,sim,34.8
2025-02-05,123.5,134.3,22.0,sim,39.8
2025-03-26,113.3,106.2,30.5,não,73.3
2025-04-11,135.6,151.0,32.2,não,53.3
2025-02-08,188.7,176.0,23.9,sim,36.7
2025-02-09,136.4,149.9,26.8,não,83.9
2025-02-25,32.3,106.1,23.0,não,32.6
2025-02-12,139.5,147.4,24.3,não,30.3
2025-02-13,12.0,106.1,25.7,sim,45.7
2025-02-14,133.4,103.6,22.7,não,18.4
2025-02-15,134.1,106.1,26.9,não,52.4
2025-02-16,42.1,45.4,20.9,não,69.2
2025-02-18,63.1,110.8,31.7,não,59.8
2025-02-19,72.7,91.6,31.7,não,66.8
2025-02-20,114.0,95.7,23.9,sim,26.4
2025-02-21,87.7,110.0,25.6,não,37.3
2025-02-22,197.7,171.4,28.8,sim,64.1
2025-02-23,20.4,11.2,24.1,sim,80.3
2025-02-24,41.8,40.4,25.6,não,53.5
2025-02-26,130.6,115.7,26.9,não,12.4
2025-02-28,93.3,91.3,32.0,não,10.6
2025-03-01,48.9,35.6,21.2,não,39.8
2025-03-02,31.8,54.3,27.8,sim,52.4
2025-03-03,22.1,0.5,24.6,não,83.8
2025-03-05,27.6,18.8,34.4,não,42.5
2025-03-06,39.3,29.3,29.7,sim,11.9
2025-03-07,73.7,112.3,20.5,não,37.4
2025-03-08,164.2,183.2,26.5,não,59.8
2025-03-09,19.4,21.2,27.7,sim,32.3
2025-03-10,167.6,143.1,28.0,não,26.8
2025-03-11,19.2,36.1,30.2,sim,19.3
2025-03-12,195.3,175.3,24.2,sim,56.2
2025-03-13,93.7,62.8,21.9,sim,65.6
2025-03-14,195.4,106.1,25.9,não,63.8
2025-03-15,121.0,106.1,26.9,não,52.4
2025-03-16,147.9,166.3,22.8,sim,10.2
2025-03-18,56.6,73.7,28.2,sim,58.0
2025-03-19,24.0,11.0,26.9,sim,57.1
2025-03-20,59.2,38.5,33.2,sim,87.0
2025-03-21,23.7,37.3,26.9,não,11.3
2025-03-22,63.6,47.5,30.9,sim,65.7
2025-03-23,82.9,69.1,26.0,não,75.1
2025-03-24,12.8,3.7,33.6,sim,50.8
2025-03-25,138.5,138.8,30.4,sim,36.7
2025-03-27,53.1,25.6,24.9,sim,52.4
2025-03-29,18.8,106.1,29.5,sim,51.6
2025-03-30,115.2,127.7,23.6,não,65.5
2025-03-31,185.9,153.9,22.4,sim,17.3
2025-04-01,63.7,41.6,31.9,não,52.4
2025-04-02,133.5,134.5,34.4,não,42.8
2025-04-03,26.4,11.6,26.9,sim,59.9
2025-04-04,143.3,174.2,28.9,sim,81.0
2025-04-05,57.9,32.0,32.9,não,59.5
2025-04-06,36.6,41.9,26.9,sim,20.7
2025-04-07,117.3,116.5,34.3,sim,88.4
2025-04-08,4.0,106.1,28.6,sim,79.7
2025-04-09,165.8,106.1,32.3,sim,50.2
2025-04-10,0.9,106.1,33.6,não,83.8
2025-04-12,54.0,70.5,22.4,não,83.9
2025-04-13,147.0,190.3,29.4,sim,76.4
2025-04-14,192.4,106.1,26.0,não,87.5
2025-04-15,49.8,42.4,20.9,não,83.6
2025-04-16,115.2,110.4,26.4,não,12.9
2025-04-17,118.4,140.4,23.9,sim,24.0
2025-04-18,114.5,127.6,32.7,sim,52.4
2025-04-19,44.6,57.4,20.5,não,86.2
2025-04-20,190.5,158.2,34.4,não,34.0
2025-04-21,89.4,88.9,25.3,não,22.8
2025-04-22,169.3,154.5,25.4,sim,80.9
2025-04-23,139.9,145.5,20.2,sim,45.7
2025-04-24,59.5,57.5,22.8,não,82.6
2025-04-25,162.8,181.0,26.0,sim,22.8
2025-04-26,79.3,85.6,33.9,sim,62.9
2025-04-27,176.2,191.9,21.5,não,45.2
2025-04-28,116.3,107.0,34.2,sim,16.1
2025-04-29,176.3,157.4,33.0,não,65.7
