data,chuvas_previstas_mm,chuvas_reais_mm,temperatura_media_C,variacao_climatica,indice_umidade_solo,volume_producao_tons,incidencia_doencas,acesso_agua_potavel,indicador_seguranca_alimentar
2025-01-01,109.8,110.0,34.7,sim,45.9,8.63,0.0,não,45.7
2025-01-02,143.0,178.7,27.2,nao,34.4,10.315,2.0,não,13.8
2025-01-03,120.6,123.1,27.5,sim,77.1,0.5,0.0,não,1.1
2025-01-04,109.0,117.0,29.6,nao,29.0,6.4,2.0,sim,75.8
2025-03-28,104.6,91.7,31.4,nao,45.4,8.85,1.0,sim,59.7
2025-01-06,129.2,102.2,22.1,não,85.4,2.3,3.0,não,98.4
2025-01-07,87.5,62.1,32.3,nao,60.7,4.13,0.0,sim,22.0
2025-01-08,178.4,197.8,22.8,nao,79.4,7.24,3.0,não,33.9
2025-01-09,192.7,169.2,27.7,sim,85.2,8.24,3.0,sim,52.4
2025-01-10,76.7,115.6,23.4,sim,70.1,11.01,0.0,não,75.5
2025-01-11,158.3,150.0,21.5,nao,66.0,8.67,0.0,não,46.4
2025-01-13,113.6,152.1,34.6,não,89.6,4.49,0.0,não,31.3
2025-01-14,185.1,106.1,34.4,Sim,46.1,17.62,2.0,sim,50.5
2025-01-15,14.2,106.1,33.6,Sim,15.7,1.03,0.0,não,67.4
2025-01-16,17.4,35.5,31.6,Sim,33.4,13.57,2.0,não,77.0
2025-01-17,4.0,106.1,25.0,sim,22.2,8.64,2.0,sim,13.0
2025-01-18,166.5,106.1,21.2,nao,43.4,11.39,2.0,não,2.3
2025-01-19,155.6,150.2,26.1,Sim,20.5,3.24,3.0,não,51.9
2025-01-20,174.0,190.0,23.5,Sim,58.3,4.36,3.0,não,81.0
2025-01-21,195.7,106.1,26.9,não,40.6,16.11,0.0,sim,1.3
2025-01-22,159.8,156.7,20.8,não,81.6,19.38,0.0,sim,67.2
2025-01-24,156.1,174.5,20.2,não,53.8,14.0,3.0,sim,44.9
2025-01-25,23.7,31.2,31.6,Sim,32.0,17.59,2.0,não,91.5
2025-01-26,128.0,106.0,22.2,não,57.4,10.315,0.0,não,64.4
2025-01-27,28.7,34.7,21.2,nao,81.7,2.16,2.0,sim,0.5
2025-01-29,104.4,90.5,30.1,nao,54.2,3.81,2.0,sim,85.9
2025-01-30,82.9,79.9,23.7,Sim,31.7,17.62,3.0,sim,83.0
2025-01-31,52.9,44.2,26.3,Sim,46.4,2.42,0.0,sim,64.9
2025-02-01,154.8,106.1,26.9,Sim,52.4,8.71,4.0,não,67.4
2025-02-02,91.2,104.6,32.9,Sim,29.9,19.18,3.0,não,57.8
2025-02-03,113.7,121.8,26.9,nao,52.4,10.9,3.0,não,27.4
2025-02-05,123.5,134.3,22.0,Sim,39.8,6.65,2.0,não,67.2
2025-04-11,135.6,151.0,32.2,nao,53.3,6.87,1.0,não,53.1
2025-02-08,188.7,176.0,23.9,Sim,36.7,0.86,2.0,sim,19.5
2025-02-09,136.4,149.9,26.8,não,83.9,15.13,1.0,sim,74.7
2025-02-25,32.3,106.1,23.0,não,32.6,1.54,4.0,não,2.7
2025-02-12,139.5,147.4,24.3,nao,30.3,5.97,5.0,não,42.8
2025-02-13,12.0,106.1,25.7,sim,45.7,15.89,2.0,não,80.8
2025-02-14,133.4,103.6,22.7,nao,18.4,2.51,2.0,sim,35.4
2025-02-15,134.1,106.1,26.9,nao,52.4,9.23,2.0,não,21.4
2025-02-16,42.1,45.4,20.9,não,69.2,18.22,2.0,sim,76.7
2025-02-18,63.1,110.8,31.7,nao,59.8,6.11,5.0,não,73.3
2025-02-19,72.7,91.6,31.7,nao,66.8,3.04,2.0,sim,74.4
2025-02-20,114.0,95.7,23.9,sim,26.4,0.88,5.0,não,22.1
2025-02-21,87.7,110.0,25.6,não,37.3,13.74,2.0,não,21.4
2025-02-22,197.7,171.4,28.8,Sim,64.1,4.63,2.0,sim,19.9
2025-02-23,20.4,11.2,24.1,Sim,80.3,5.68,4.0,não,14.3
2025-02-24,41.8,40.4,25.6,não,53.5,10.09,2.0,sim,37.7
2025-02-26,130.6,115.7,26.9,nao,12.4,11.7,5.0,sim,11.1
2025-02-28,93.3,91.3,32.0,nao,10.6,11.99,0.0,não,80.0
2025-03-01,48.9,35.6,21.2,nao,39.8,14.15,1.0,não,8.1
2025-03-02,31.8,54.3,27.8,Sim,52.4,2.5,3.0,não,23.2
2025-03-03,22.1,0.5,24.6,não,83.8,8.57,2.0,não,20.8
2025-03-05,27.6,18.8,34.4,não,42.5,10.315,2.0,sim,71.1
2025-03-06,39.3,29.3,29.7,Sim,11.9,1.47,0.0,não,55.4
2025-03-07,73.7,112.3,20.5,nao,37.4,10.95,1.0,sim,30.5
2025-03-08,164.2,183.2,26.5,nao,59.8,13.44,2.0,não,83.5
2025-03-09,19.4,21.2,27.7,Sim,32.3,10.54,3.0,sim,43.5
2025-03-10,167.6,143.1,28.0,nao,26.8,18.92,0.0,sim,92.3
2025-03-11,19.2,36.1,30.2,sim,19.3,11.94,2.0,não,70.6
2025-03-12,195.3,175.3,24.2,Sim,56.2,18.12,3.0,não,47.8
2025-03-14,195.4,106.1,25.9,não,63.8,3.22,1.0,sim,97.6
2025-03-15,121.0,106.1,26.9,nao,52.4,16.24,3.0,sim,16.0
2025-03-16,147.9,166.3,22.8,sim,10.2,8.25,4.0,não,20.3
2025-03-18,56.6,73.7,28.2,Sim,58.0,18.59,3.0,sim,40.4
2025-03-19,24.0,11.0,26.9,sim,57.1,7.28,3.0,não,14.7
2025-03-20,59.2,38.5,33.2,sim,87.0,15.14,3.0,sim,72.9
2025-03-21,23.7,37.3,26.9,nao,11.3,14.66,6.0,não,18.9
2025-03-22,63.6,47.5,30.9,Sim,65.7,17.72,1.0,sim,64.4
2025-03-24,12.8,3.7,33.6,sim,50.8,15.14,1.0,sim,21.1
2025-03-25,138.5,138.8,30.4,Sim,36.7,7.3,0.0,não,60.1
2025-03-29,18.8,106.1,29.5,Sim,51.6,19.31,2.0,não,29.5
2025-03-30,115.2,127.7,23.6,não,65.5,10.315,1.0,não,73.2
2025-03-31,185.9,153.9,22.4,Sim,17.3,12.62,2.0,não,94.5
2025-04-01,63.7,41.6,31.9,não,52.4,2.74,4.0,não,42.6
2025-04-02,133.5,134.5,34.4,nao,42.8,19.02,3.0,sim,78.2
2025-04-03,26.4,11.6,26.9,sim,59.9,9.27,3.0,sim,5.6
2025-04-04,143.3,174.2,28.9,sim,81.0,11.78,1.0,sim,83.5
2025-04-05,57.9,32.0,32.9,não,59.5,8.46,1.0,não,19.2
2025-04-06,36.6,41.9,26.9,Sim,20.7,10.315,4.0,sim,39.5
2025-04-07,117.3,116.5,34.3,Sim,88.4,10.315,2.0,não,30.0
2025-04-08,4.0,106.1,28.6,Sim,79.7,11.69,0.0,sim,8.0
2025-04-09,165.8,106.1,32.3,sim,50.2,0.56,0.0,não,90.5
2025-04-10,0.9,106.1,33.6,nao,83.8,12.53,0.0,sim,37.0
2025-04-12,54.0,70.5,22.4,nao,83.9,10.78,0.0,não,49.4
2025-04-13,147.0,190.3,29.4,sim,76.4,17.78,3.0,sim,13.2
2025-04-14,192.4,106.1,26.0,nao,87.5,7.47,2.0,não,20.6
2025-04-15,49.8,42.4,20.9,não,83.6,18.22,3.0,sim,7.6
2025-04-16,115.2,110.4,26.4,não,12.9,12.66,1.0,sim,50.8
2025-04-17,118.4,140.4,23.9,sim,24.0,0.81,1.0,sim,26.2
2025-04-18,114.5,127.6,32.7,Sim,52.4,18.62,1.0,sim,35.7
2025-04-19,44.6,57.4,20.5,nao,86.2,13.97,4.0,não,10.8
2025-04-20,190.5,158.2,34.4,nao,34.0,19.95,1.0,sim,78.8
2025-04-22,169.3,154.5,25.4,sim,80.9,3.17,1.0,não,98.6
2025-04-23,139.9,145.5,20.2,Sim,45.7,18.69,0.0,não,17.7
2025-04-24,59.5,57.5,22.8,nao,82.6,14.09,1.0,sim,57.2
2025-04-25,162.8,181.0,26.0,sim,22.8,1.79,2.0,não,4.5
2025-04-26,79.3,85.6,33.9,sim,62.9,10.315,3.0,não,78.7
2025-04-27,176.2,191.9,21.5,nao,45.2,15.2,2.0,não,19.0
2025-04-28,116.3,107.0,34.2,Sim,16.1,10.315,2.0,sim,52.8
2025-04-29,176.3,157.4,33.0,nao,65.7,14.37,2.0,sim,74.0
